Date,Equity
2020-01-02,
2020-01-03,99027.7658547616
2020-01-06,99816.84502335632
2020-01-07,99347.43645846637
2020-01-08,100945.53822123489
2020-01-09,103089.70249224771
2020-01-10,103322.75267430344
2020-01-13,105530.18105070968
2020-01-14,104105.20497235138
2020-01-15,103659.03756482921
2020-01-16,104957.50637038029
2020-01-17,106119.4909558397
2020-01-21,105400.32370116477
2020-01-22,105776.57919476715
2020-01-23,106285.97930071333
2020-01-24,105979.64619002052
2020-01-27,102863.28964972853
2020-01-28,105773.22911802947
2020-01-29,107987.30530296208
2020-01-30,107830.82531234229
2020-01-31,103049.73188917107
2020-02-03,102766.73415675426
2020-02-04,106159.46155891631
2020-02-05,107025.10044995717
2020-02-06,108276.97178188487
2020-02-07,106805.1993190969
2020-02-10,107312.4637511228
2020-02-11,106665.0509525734
2020-02-12,109198.085849904
2020-02-13,108420.49116312571
2020-02-14,108447.18708712922
2020-02-18,106461.45003883996
2020-02-19,108003.3123883744
2020-02-20,106895.32685233072
2020-02-21,104475.7548665099
2020-02-24,99513.0977531454
2020-02-25,96142.35522957446
2020-02-26,97667.51954036945
2020-02-27,91283.20501841494
2020-02-28,91229.79223242831
2020-03-02,99723.34647540518
2020-03-03,96556.21533455749
2020-03-04,101034.9224561925
2020-03-05,97757.67848057268
2020-03-06,96459.40858582791
2020-03-09,88830.26836208467
2020-03-10,95227.94131503074
2020-03-11,91920.6304006901
2020-03-12,82843.03215445527
2020-03-13,92768.32544320468
2020-03-16,80833.93355541551
2020-03-17,84388.22364274782
2020-03-18,82322.40929143784
2020-03-19,81691.64218667884
2020-03-20,76505.4145615273
2020-03-23,74880.11436324465
2020-03-24,82392.48347469959
2020-03-25,81938.60565618581
2020-03-26,86250.4789562836
2020-03-27,82679.49083021183
2020-03-30,85039.00222151964
2020-03-31,84865.46824650702
2020-04-01,80400.09338338906
2020-04-02,81741.70489592776
2020-04-03,80566.96384639059
2020-04-06,87595.41437308547
2020-04-07,86580.86980554897
2020-04-08,88796.86181561595
2020-04-09,89437.63727462881
2020-04-13,91193.08795417094
2020-04-14,95798.61641830733
2020-04-15,94924.22545178924
2020-04-16,95678.47429130173
2020-04-17,94380.25674150599
2020-04-20,92421.20514823042
2020-04-21,89564.45861713019
2020-04-22,92144.21661596186
2020-04-23,91787.14031168277
2020-04-24,94436.9881972609
2020-04-27,94503.73847625947
2020-04-28,92971.8844809789
2020-04-29,96025.56317930658
2020-04-30,98051.3231756215
2020-05-01,96472.76701681949
2020-05-04,97837.74531460363
2020-05-05,99306.17816964372
2020-05-06,100330.75726390858
2020-05-07,101368.6633821956
2020-05-08,103781.40958666336
2020-05-11,105414.42543043253
2020-05-12,104209.75877353693
2020-05-13,102951.5118268178
2020-05-14,103583.98537691506
2020-05-15,102971.57041128475
2020-05-18,105397.70645371349
2020-05-19,104788.66250280048
2020-05-20,106826.62934122837
2020-05-21,106030.18000381075
2020-05-22,106712.8523600244
2020-05-26,105990.03142790742
2020-05-27,106451.8185682191
2020-05-28,106498.6672975978
2020-05-29,106394.95101559673
2020-06-01,107703.35489247304
2020-06-02,108201.97193891979
2020-06-03,108797.6365208616
2020-06-04,107860.65146429764
2020-06-05,110932.629956805
2020-06-08,111588.5121681069
2020-06-09,115112.27991566186
2020-06-10,118073.80009673351
2020-06-11,112405.02008999149
2020-06-12,113375.4849759528
2020-06-15,114777.62818754575
2020-06-16,117819.47692739345
2020-06-17,117655.50114007309
2020-06-18,117702.36033844159
2020-06-19,117029.7486814308
2020-06-22,120091.68741271488
2020-06-23,122655.01956654202
2020-06-24,120489.88590894917
2020-06-25,122089.46379928023
2020-06-26,118338.18396527653
2020-06-29,121065.46049945465
2020-06-30,122076.08443030909
2020-07-01,121845.19086015323
2020-07-02,121845.19086015323
2020-07-06,125104.5642701754
2020-07-07,124716.37412819496
2020-07-08,127621.03722563405
2020-07-09,128169.86354718698
2020-07-10,128394.05696386744
2020-07-13,127801.77386563271
2020-07-14,129916.66684114993
2020-07-15,130810.13230709327
2020-07-16,129200.55653149815
2020-07-17,128939.53320868268
2020-07-20,131656.7699816375
2020-07-21,129839.6988281014
2020-07-22,130204.43843291797
2020-07-23,124278.02705605737
2020-07-24,123970.13406588355
2020-07-27,126908.25605474037
2020-07-28,124823.48236289297
2020-07-29,127216.13857592436
2020-07-30,128755.46742992592
2020-07-31,142234.70009484916
2020-08-03,145818.68547176418
2020-08-04,146792.47949648357
2020-08-05,147324.555434348
2020-08-06,152464.5886419837
2020-08-07,148998.20142755157
2020-08-10,151163.86900362448
2020-08-11,146668.26493244374
2020-08-12,151542.69986871898
2020-08-13,154224.60380108093
2020-08-14,154087.1564339272
2020-08-17,153684.85409368918
2020-08-18,154965.50467859168
2020-08-19,155159.92428826584
2020-08-20,158602.86096553408
2020-08-21,166776.07458945867
2020-08-24,168770.74168605183
2020-08-25,167386.20731531142
2020-08-26,169662.5111756467
2020-08-27,167634.25955975812
2020-08-28,167362.74630915772
2020-08-31,173038.38350422223
2020-09-01,179930.92560526473
2020-09-02,176203.0649014555
2020-09-03,162096.0802008372
2020-09-04,162203.3768773517
2020-09-08,151287.8951258478
2020-09-09,157322.24178760103
2020-09-10,152186.33336194867
2020-09-11,150188.28478164837
2020-09-14,154693.96002102183
2020-09-15,154935.33304997277
2020-09-16,150362.6039308964
2020-09-17,147962.29488631734
2020-09-18,143268.9106597349
2020-09-21,147613.6461188315
2020-09-22,149933.51144574664
2020-09-23,143644.3914480917
2020-09-24,145119.47211165813
2020-09-25,150563.75510101535
2020-09-28,154157.58132834738
2020-09-29,152990.9066354552
2020-09-30,155297.3821244094
2020-10-01,156611.5439456786
2020-10-02,151556.10017566974
2020-10-05,156222.65238138122
2020-10-06,151743.81963186857
2020-10-07,154318.48970165485
2020-10-08,154170.9816352982
2020-10-09,156852.90650563975
2020-10-12,166816.30691728045
2020-10-13,162391.08586456074
2020-10-14,162511.8037860056
2020-10-15,161868.11794782686
2020-10-16,159601.86431770463
2020-10-19,155525.35484640958
2020-10-20,157577.04653047223
2020-10-21,156718.81968421352
2020-10-22,155216.9279377557
2020-10-23,154264.84659789252
2020-10-26,154278.2678428229
2020-10-27,156356.77060977693
2020-10-28,149115.53786528937
2020-10-29,154640.32738624935
2020-10-30,145977.6780199373
2020-11-02,145856.98103647202
2020-11-03,148096.39217673344
2020-11-04,154144.17055240687
2020-11-05,159615.2960316249
2020-11-06,159433.97312819713
2020-11-09,156250.38473537553
2020-11-10,155780.253810189
2020-11-11,160508.59399373134
2020-11-12,160132.4641280066
2020-11-13,160199.6331665974
2020-11-16,161596.65704217553
2020-11-17,160374.26638553955
2020-11-18,158547.37531956608
2020-11-19,159366.81455859615
2020-11-20,157620.54518311325
2020-11-23,152932.48967234173
2020-11-24,154705.59106869556
2020-11-25,155860.82315573058
2020-11-27,156613.04101122083
2020-11-30,159917.54623629365
2020-12-01,164847.38306661858
2020-12-02,165330.9666437049
2020-12-03,165142.91217983232
2020-12-04,164216.0506364101
2020-12-07,166230.9438213071
2020-12-08,167077.23601918778
2020-12-09,163584.68679923218
2020-12-10,165545.88453541786
2020-12-11,164430.96852812305
2020-12-14,163584.68679923218
2020-12-15,171778.7127748897
2020-12-16,171684.6698394687
2020-12-17,172880.1970682643
2020-12-18,170139.9075797582
2020-12-21,172248.854169066
2020-12-22,177151.80663357087
2020-12-23,175916.02613897392
2020-12-24,177272.74440380168
2020-12-28,183613.03682362495
2020-12-29,181168.2345723734
2020-12-30,179623.47231266287
2020-12-31,178239.91155797435
2021-01-04,173833.94297750655
2021-01-05,175983.17423958515
2021-01-06,170059.32776522683
2021-01-07,175862.2783453136
2021-01-08,177380.1771771837
2021-01-11,173256.29552701965
2021-01-12,173014.52467645612
2021-01-13,175821.9936725428
2021-01-14,173162.3049365477
2021-01-15,170784.68219287673
2021-01-19,171711.54373629898
2021-01-20,177353.31374934333
2021-01-21,183854.78673620895
2021-01-22,186810.05693036685
2021-01-25,191981.6750802451
2021-01-26,192304.05715230943
2021-01-27,190826.4429932101
2021-01-28,184150.34725639212
2021-01-29,177259.32315887138
2021-02-01,180187.64617327042
2021-02-02,181329.47795335465
2021-02-03,179918.9909568869
2021-02-04,184553.29867399807
2021-02-05,183981.54526477153
2021-02-08,184183.34551225844
2021-02-09,182972.60684127576
2021-02-10,182138.5214855081
2021-02-11,181788.73159813348
2021-02-12,182111.57430574927
2021-02-16,179178.91712957082
2021-02-17,176017.491588167
2021-02-18,174497.2791095499
2021-02-19,174712.56341590604
2021-02-22,169506.27197179265
2021-02-23,169317.9243762055
2021-02-24,168631.80772234593
2021-02-25,162766.35727312157
2021-02-26,163129.59981239596
2021-03-01,171914.3385378174
2021-03-02,168322.42813561976
2021-03-03,164205.82243337037
2021-03-04,161609.40827175847
2021-03-05,163344.83177380305
2021-03-08,156537.67475361255
2021-03-09,162900.8837921196
2021-03-10,161407.61849326134
2021-03-11,164071.30638336207
2021-03-12,162820.16788072072
2021-03-15,166802.22612599243
2021-03-16,168927.79747111106
2021-03-17,167838.10126025722
2021-03-18,162147.55622370998
2021-03-19,161421.06067617136
2021-03-22,165995.0565430142
2021-03-23,164851.57066254073
2021-03-24,161555.59766415923
2021-03-25,162228.27213510883
2021-03-26,163062.3365528969
2021-03-29,163304.47381810364
2021-03-30,161300.0182160425
2021-03-31,164326.8963004686
2021-04-01,165470.40311892168
2021-04-05,169371.7349838047
2021-04-06,169788.7776616885
2021-04-07,172062.3177087152
2021-04-08,175371.7014830373
2021-04-09,178923.30627448455
2021-04-12,176555.5976641592
2021-04-13,180847.00408918763
2021-04-14,177618.32575727458
2021-04-15,180941.1412455169
2021-04-16,180483.81389486225
2021-04-19,181398.6151620288
2021-04-20,179071.25403841306
2021-04-21,179595.938869475
2021-04-22,177497.24142118657
2021-04-23,180699.07726323884
2021-04-26,181237.16240125152
2021-04-27,180793.21441956807
2021-04-28,179703.58102265306
2021-04-29,179569.03356567537
2021-04-30,176851.5350679754
2021-05-03,178304.46334911385
2021-05-04,171995.04398022642
2021-05-05,172331.36027772163
2021-05-06,174537.63706524926
2021-05-07,175467.46133278642
2021-05-10,170939.61277300533
2021-05-11,169672.88594454393
2021-05-12,165441.4982380693
2021-05-13,168406.18005406213
2021-05-14,171748.16426263793
2021-05-17,170158.01893212146
2021-05-18,168244.47603752953
2021-05-19,168028.86719248942
2021-05-20,171559.49212836687
2021-05-21,169026.04894043383
2021-05-24,171276.48392696024
2021-05-25,171006.99119139227
2021-05-26,170939.61277300536
2021-05-27,168823.92415426293
2021-05-28,167921.04706648464
2021-06-01,167476.3662555148
2021-06-02,168527.4633009565
2021-06-03,166479.14263161118
2021-06-04,169645.9387647851
2021-06-07,169659.41235466453
2021-06-08,170791.38234635213
2021-06-09,171316.95704154752
2021-06-10,169942.42055607113
2021-06-11,171613.39695687432
2021-06-14,175831.29013548995
2021-06-15,174699.32014380232
2021-06-16,175386.61979350995
2021-06-17,177596.61307241846
2021-06-18,175804.36389371072
2021-06-21,178283.88131515664
2021-06-22,180547.8212985319
2021-06-23,180170.4770299897
2021-06-24,179779.71151651719
2021-06-25,179375.4200682162
2021-06-28,181625.8550547426
2021-06-29,183714.5860247364
2021-06-30,184563.60015996642
2021-07-01,184981.3337911774
2021-07-02,188606.24244924137
2021-07-06,191382.28353793256
2021-07-07,194818.6247516235
2021-07-08,193026.37557291574
2021-07-09,195546.2614190509
2021-07-12,194724.27821549814
2021-07-13,196260.45590356833
2021-07-14,200990.47112547953
2021-07-15,200087.64638265024
2021-07-16,197271.1949933106
2021-07-19,191961.76306163543
2021-07-20,196947.78696024534
2021-07-21,195937.06880848267
2021-07-22,197823.706399275
2021-07-23,200195.41416370595
2021-07-26,200774.85181144957
2021-07-27,197783.25422266728
2021-07-28,195371.073343649
2021-07-29,196260.45590356828
2021-07-30,196556.97957081356
2021-08-02,196098.7937629949
2021-08-03,198578.31118444086
2021-08-04,198025.84165443567
2021-08-05,198174.0825500787
2021-08-06,197229.33997206902
2021-08-09,197161.87780176368
2021-08-10,196500.57265374262
2021-08-11,196851.43037807735
2021-08-12,200940.7015479451
2021-08-13,201224.18085389296
2021-08-16,203950.3057991925
2021-08-17,202695.15767345575
2021-08-18,197526.28239890645
2021-08-19,197985.11728409308
2021-08-20,199996.00084589465
2021-08-23,202047.42033622236
2021-08-24,201925.9591165013
2021-08-25,200225.46016444714
2021-08-26,199118.7832521291
2021-08-27,200549.34977104343
2021-08-30,206649.46262675352
2021-08-31,204908.5114980917
2021-09-01,205826.22314442412
2021-09-02,207364.78776216987
2021-09-03,208242.00535593534
2021-09-07,211467.58486686603
2021-09-08,209335.17727140454
2021-09-09,207931.62074618787
2021-09-10,201048.69964677645
2021-09-13,201831.46601451858
2021-09-14,199901.52868189156
2021-09-15,201129.66681393067
2021-09-16,200805.75626935478
2021-09-17,197121.38374919674
2021-09-20,192910.65135960793
2021-09-21,193571.956507629
2021-09-22,196837.96725718773
2021-09-23,198160.57755322984
2021-09-24,198282.05971093048
2021-09-27,196190.1461680359
2021-09-28,191520.59983124014
2021-09-29,192762.24296012803
2021-09-30,190967.25090609127
2021-10-01,192519.25770674704
2021-10-04,187782.2282616663
2021-10-05,190440.8910366605
2021-10-06,191642.04011298157
2021-10-07,193382.99124164335
2021-10-08,192856.65231019224
2021-10-11,192735.19109047114
2021-10-12,190980.75590294015
2021-10-13,190170.97954150036
2021-10-14,194017.3492099056
2021-10-15,195474.86290857877
2021-10-18,197782.66795923823
2021-10-19,200765.30409274716
2021-10-20,201440.05142367817
2021-10-21,201736.99385051563
2021-10-22,200670.8319287441
2021-10-25,200603.28600652033
2021-10-26,201521.06046679153
2021-10-27,200886.72343650894
2021-10-28,205907.23218753753
2021-10-29,202168.86061796374
2021-11-01,201035.21558790724
2021-11-02,202465.76116884197
2021-11-03,204449.6556749255
2021-11-04,203734.37241546836
2021-11-05,204464.24944671412
2021-11-08,203328.88750232957
2021-11-09,203829.03302128788
2021-11-10,199922.99011099245
2021-11-11,199855.38137482986
2021-11-12,202720.7229465602
2021-11-15,202734.24888138866
2021-11-16,204085.79546525262
2021-11-17,207451.21974200246
2021-11-18,213370.99377932653
2021-11-19,216993.2223760003
2021-11-22,217628.43880142656
2021-11-23,218155.55243812327
2021-11-24,218871.88259656093
2021-11-26,211938.3334624511
2021-11-29,216574.23246601262
2021-11-30,223413.1419322826
2021-12-01,222696.8117738449
2021-12-02,221331.71831717293
2021-12-03,218736.74887615416
2021-12-06,223440.13098800066
2021-12-07,231360.23584540258
2021-12-08,236631.3931503496
2021-12-09,235928.58892674037
2021-12-10,242537.70406678403
2021-12-13,237523.41389569978
2021-12-14,235617.7436814414
2021-12-15,242335.0034861738
2021-12-16,232819.98990789402
2021-12-17,231306.2577339664
2021-12-20,229427.57657542612
2021-12-21,233806.6503210841
2021-12-22,237388.23829933375
2021-12-23,238253.2699889659
2021-12-27,243727.1069365435
2021-12-28,242321.47755134542
2021-12-29,242443.10627490334
2021-12-30,240848.2603679643
2021-12-31,239996.79648911982
2022-01-03,245997.68425945533
2022-01-04,242875.62211971948
2022-01-05,236415.08288299254
2022-01-06,232468.6087340691
2022-01-07,232698.36118433616
2022-01-10,232725.39211601342
2022-01-11,236631.39315034964
2022-01-12,237239.5995820782
2022-01-13,232725.39211601342
2022-01-14,233914.75310981367
2022-01-18,229495.14343562955
2022-01-19,224670.06978628627
2022-01-20,222345.4096620403
2022-01-21,219507.11995996683
2022-01-24,218439.36675174488
2022-01-25,215952.52103743525
2022-01-26,215830.8923138773
2022-01-27,215195.6130745122
2022-01-28,230211.47359406724
2022-01-31,236225.9291751904
2022-02-01,235996.1557869437
2022-02-02,237658.56855408617
2022-02-03,233685.0006595466
2022-02-04,233292.5601077052
2022-02-07,232304.6643537181
2022-02-08,236594.54230623494
2022-02-09,238556.82881736037
2022-02-10,232927.12954956153
2022-02-11,228217.7591755464
2022-02-14,228542.5700532456
2022-02-15,233833.8487565984
2022-02-16,233509.0588168788
2022-02-17,228542.57005324555
2022-02-18,226404.34169945234
2022-02-22,222371.56119857397
2022-02-23,216620.10757933953
2022-02-24,220233.37472073993
2022-02-25,223088.7916901349
2022-02-28,223454.1803723194
2022-03-01,220855.86085456295
2022-03-02,225402.8781346775
2022-03-03,224956.31290554276
2022-03-04,220815.26211209802
2022-03-07,215578.1080860386
2022-03-08,213060.98605321205
2022-03-09,220517.54498001497
2022-03-10,214522.49890599085
2022-03-11,209393.552358559
2022-03-14,203831.5665168208
2022-03-15,209880.73726813833
2022-03-16,215970.52769990044
2022-03-17,217364.3899405574
2022-03-18,221911.4281586516
2022-03-21,223806.04311967557
2022-03-22,228461.33069235654
2022-03-23,230342.39878057243
2022-03-24,235566.08968574225
2022-03-25,236445.6732712038
2022-03-28,237636.60461347483
2022-03-29,242183.6218935894
2022-03-30,240573.19812982008
2022-03-31,236296.82517415204
2022-04-01,235890.85868748222
2022-04-04,241479.8963988773
2022-04-05,236905.80631112625
2022-04-06,232534.7308736795
2022-04-07,232954.20235719817
2022-04-08,230180.00381071272
2022-04-11,224306.7330261038
2022-04-12,226891.50567105217
2022-04-13,230599.47529423138
2022-04-14,223684.22595430116
2022-04-18,223386.4878842385
2022-04-19,226539.68479965537
2022-04-20,226309.55546575534
2022-04-21,225213.43129516108
2022-04-22,218947.71995871075
2022-04-25,220422.8424982364
2022-04-26,212194.82371268107
2022-04-27,211883.6225217288
2022-04-28,221451.33699468843
2022-04-29,213345.13537450755
2022-05-02,213764.69060994464
2022-05-03,215821.63772688952
2022-05-04,224672.10077030867
2022-05-05,212154.2877841549
2022-05-06,213157.1541935636
2022-05-09,206082.6296427356
2022-05-10,209403.05820130228
2022-05-11,198547.32297461721
2022-05-12,193207.57284846588
2022-05-13,199374.05909954157
2022-05-16,197246.2369216148
2022-05-17,202260.75741047476
2022-05-18,190849.39101886333
2022-05-19,186146.61610842554
2022-05-20,186471.86668369654
2022-05-23,193952.94398462347
2022-05-24,190225.98361393748
2022-05-25,190442.8173307848
2022-05-26,194860.94040841656
2022-05-27,202802.8626405727
2022-05-31,201718.65218037687
2022-06-01,201542.48001993334
2022-06-02,204930.6429425403
2022-06-03,197029.44508072673
2022-06-06,198059.40523575153
2022-06-07,201542.48001993328
2022-06-08,200526.02486175735
2022-06-09,193315.96876890998
2022-06-10,185848.43834079106
2022-06-13,178733.2731715389
2022-06-14,179925.9004901584
2022-06-15,183544.42306444113
2022-06-16,176266.61166957385
2022-06-17,178299.58479986462
2022-06-21,184140.82047566934
2022-06-22,183436.02714399708
2022-06-23,187393.45185625693
2022-06-24,191987.83084625067
2022-06-27,191987.83084625067
2022-06-28,186268.57983965726
2022-06-29,188694.45415734086
2022-06-30,185292.76529990547
2022-07-01,188287.94328320117
2022-07-05,191852.27836625167
2022-07-06,193695.4487113724
2022-07-07,198344.03613057797
2022-07-08,199279.16817594634
2022-07-11,196338.2404978217
2022-07-12,197679.94623126867
2022-07-13,197178.5025575745
2022-07-14,201217.18756870303
2022-07-15,203521.18190707333
2022-07-18,199319.8506703297
2022-07-19,204646.05392367297
2022-07-20,207410.7675653948
2022-07-21,210541.45615273024
2022-07-22,208833.81734962892
2022-07-25,207288.80383416306
2022-07-26,205459.20129983002
2022-07-27,212493.10617021352
2022-07-28,213252.00324119956
2022-07-29,220245.22561719967
2022-08-01,218889.97301094464
2022-08-02,216857.0417566131
2022-08-03,225151.32924763596
2022-08-04,224717.59900000246
2022-08-05,224405.47653794734
2022-08-08,223754.0331783229
2022-08-09,223821.91410822046
2022-08-10,229684.84153090173
2022-08-11,228666.9416521326
2022-08-12,233566.30325313433
2022-08-15,235045.57151262288
2022-08-16,234828.42372608138
2022-08-17,236891.25441529683
2022-08-18,236348.45823187174
2022-08-19,232779.1189716943
2022-08-22,227418.38898997314
2022-08-23,226956.91591935564
2022-08-24,227364.07587086328
2022-08-25,230756.94983888263
2022-08-26,222057.5961943132
2022-08-29,219017.54812071205
2022-08-30,215665.41946101494
2022-08-31,213371.81036053147
2022-09-01,214376.12149053326
2022-09-02,211458.2255899803
2022-09-06,209721.06423562803
2022-09-07,211661.82650371373
2022-09-08,209626.06862213477
2022-09-09,213575.36939830572
2022-09-12,221799.7240374292
2022-09-13,208784.6340355238
2022-09-14,210779.64660878057
2022-09-15,206789.62146226704
2022-09-16,204523.1479833589
2022-09-19,209653.20424371012
2022-09-20,212937.5147874485
2022-09-21,208621.75749213295
2022-09-22,207291.77702726793
2022-09-23,204156.7333401735
2022-09-26,204618.1435968522
2022-09-27,205961.75468644372
2022-09-28,203356.0231239051
2022-09-29,193367.3296328948
2022-09-30,187558.73626730303
2022-10-03,193326.6471385114
2022-10-04,198280.30092064338
2022-10-05,198687.37712023256
2022-10-06,197370.96446615522
2022-10-07,190123.76439747863
2022-10-10,190571.62778134923
2022-10-11,188617.2977024759
2022-10-12,187748.72749428955
2022-10-13,194059.53923882107
2022-10-14,187803.0196754198
2022-10-17,193272.37589536072
2022-10-18,195090.9231764594
2022-10-19,195240.21097108294
2022-10-20,194602.35636022576
2022-10-21,199868.13260441285
2022-10-24,202826.75287530845
2022-10-25,206748.8761539448
2022-10-26,202691.01195349294
2022-10-27,196515.98300673612
2022-10-28,211363.25091446663
2022-10-31,208106.05505432392
2022-11-01,204455.28799144088
2022-11-02,196828.1054687912
2022-11-03,188481.57771863995
2022-11-04,188114.57681202542
2022-11-07,188848.59956323402
2022-11-08,189637.08199940983
2022-11-09,183343.02063856678
2022-11-10,199655.9052430798
2022-11-11,203503.02867875097
2022-11-14,201572.67258653176
2022-11-15,203965.2345786549
2022-11-16,202265.9500294182
2022-11-17,204889.6673164423
2022-11-18,205664.47725193235
2022-11-21,201205.6507419376
2022-11-22,204155.53987533558
2022-11-23,205365.42008915424
2022-11-25,201341.58010556962
2022-11-28,196053.48397511762
2022-11-29,191907.30337666828
2022-11-30,201232.80730149258
2022-12-01,201613.4597708132
2022-12-02,200933.77107669404
2022-12-05,199329.6915207467
2022-12-06,194272.68787125684
2022-12-07,191594.65746512284
2022-12-08,193919.2128994708
2022-12-09,193253.13389209853
2022-12-12,196420.52675769135
2022-12-13,197752.74758637472
2022-12-14,194680.47596215282
2022-12-15,185558.86608277648
2022-12-16,182853.65817910794
2022-12-19,179944.53529201183
2022-12-20,179849.37217468166
2022-12-21,184131.482136763
2022-12-22,179754.22999533114
2022-12-23,179251.23691114582
2022-12-27,176763.53273967214
2022-12-28,171339.49677659833
2022-12-29,176192.5749736708
2022-12-30,176627.58243806052
2023-01-03,170020.85422769244
2023-01-04,171774.50424098803
2023-01-05,169952.90001486623
2023-01-06,176206.14278445844
2023-01-09,176926.66053881825
2023-01-10,177715.1010990348
2023-01-11,181467.08235535547
2023-01-12,181358.30955127842
2023-01-13,183193.50252616752
2023-01-17,184797.60302009448
2023-01-18,183805.24747645028
2023-01-19,183886.82184501318
2023-01-20,187421.25749317976
2023-01-23,191825.74994608504
2023-01-24,193756.10603830428
2023-01-25,192845.30392524338
2023-01-26,195700.05087929076
2023-01-27,198378.08128542476
2023-01-30,194395.0284861216
2023-01-31,196148.6470924478
2023-02-01,197698.37165332603
2023-02-02,205025.5966800743
2023-02-03,210028.18252055623
2023-02-06,206262.6334534479
2023-02-07,210232.0975039838
2023-02-08,206520.88249396495
2023-02-09,205093.51948593103
2023-02-10,205597.28727536197
2023-02-13,209463.92490803025
2023-02-14,208578.93932382923
2023-02-15,211478.87043787632
2023-02-16,209273.28460367583
2023-02-17,207693.99561558742
2023-02-21,202152.73837366374
2023-02-22,202738.1433455964
2023-02-23,203405.26925194918
2023-02-24,199742.94442432112
2023-02-27,201390.30278412355
2023-02-28,200695.95750427694
2023-03-01,197836.85545047055
2023-03-02,198653.72978699833
2023-03-03,205624.5275868355
2023-03-06,209436.6636585774
2023-03-07,206400.5728631226
2023-03-08,208129.65215734515
2023-03-09,205025.47105219672
2023-03-10,202179.97868513718
2023-03-13,204862.09199729527
2023-03-14,207748.41342459543
2023-03-15,208293.03121224663
2023-03-16,212186.86728042905
2023-03-17,211029.62514735144
2023-03-20,214297.14343144215
2023-03-21,216856.74862489858
2023-03-22,214882.59027933396
2023-03-23,216380.20020896138
2023-03-24,218177.34887489802
2023-03-27,215495.25650071958
2023-03-28,214637.53216597153
2023-03-29,218885.32477947103
2023-03-30,221050.1234293901
2023-03-31,224508.24014187604
2023-04-03,226237.31943609862
2023-04-04,225502.14509601137
2023-04-05,222956.1705272814
2023-04-06,224181.5239080323
2023-04-10,220600.8153249263
2023-04-11,218926.21665365054
2023-04-12,217973.18263571506
2023-04-13,225406.8563508036
2023-04-14,224930.32887284606
2023-04-17,224957.5273083602
2023-04-18,226645.7984803217
2023-04-19,228225.12934436934
2023-04-20,226890.85659368412
2023-04-21,224671.6401347571
2023-04-24,225093.68698976786
2023-04-25,222969.7802140283
2023-04-26,222956.17052728139
2023-04-27,229287.06179425947
2023-04-28,231016.14108848208
2023-05-01,230893.61203180085
2023-05-02,229464.07147388745
2023-05-03,227980.05029302728
2023-05-04,225719.98383588
2023-05-05,236312.31927906378
2023-05-08,236217.00959587638
2023-05-09,233861.65439352128
2023-05-10,236298.70959231697
2023-05-11,236557.37739242628
2023-05-12,235275.805536421
2023-05-15,234594.1486722184
2023-05-16,234594.1486722184
2023-05-17,235439.41490909815
2023-05-18,238656.95423585834
2023-05-19,238806.9329838091
2023-05-22,237498.07894037117
2023-05-23,233898.81930733018
2023-05-24,234280.539613611
2023-05-25,235848.4174028116
2023-05-26,239175.04360334302
2023-05-30,241724.51481466796
2023-05-31,241656.36169103548
2023-06-01,245528.31757052487
2023-06-02,246700.802552759
2023-06-05,244833.00914361622
2023-06-06,244328.5922768174
2023-06-07,242433.49574226237
2023-06-08,246182.73412325405
2023-06-09,246714.43317748548
2023-06-12,250572.7584322484
2023-06-13,249918.3209415396
2023-06-14,250790.89030383158
2023-06-15,253599.40619889883
2023-06-16,252113.37497199603
2023-06-20,252236.0715325141
2023-06-21,250804.54186653768
2023-06-22,254949.15211651623
2023-06-23,254512.86743537022
2023-06-26,252590.55152732146
2023-06-27,256394.3124072191
2023-06-28,258016.71269532575
2023-06-29,258480.25862592476
2023-06-30,264451.79134884616
2023-07-03,262393.1482555528
2023-07-05,260852.5317158052
2023-07-06,261506.92733055475
2023-07-07,259966.33172878675
2023-07-10,257144.1642710134
2023-07-11,256421.59459465175
2023-07-12,258725.69362292008
2023-07-13,259775.4611066565
2023-07-14,259979.98329149277
2023-07-17,264479.0944742583
2023-07-18,264124.59354147135
2023-07-19,265992.38695061416
2023-07-20,263306.567616065
2023-07-21,261684.16732795836
2023-07-24,262788.49918656
2023-07-25,263974.59385554097
2023-07-26,265174.3819631873
2023-07-27,263429.30605254223
2023-07-28,266987.67381140374
2023-07-31,267832.96098626306
2023-08-01,266687.73725348193
2023-08-02,262556.7366902503
2023-08-03,260634.42078220152
2023-08-04,248118.70159400886
2023-08-07,243837.72228282652
2023-08-08,245132.92476355835
2023-08-09,242937.9335470408
2023-08-10,242637.95511315978
2023-08-11,242719.88542737608
2023-08-14,244999.78015121457
2023-08-15,242255.73229536836
2023-08-16,241054.35290127163
2023-08-17,237545.75471994453
2023-08-18,238214.72316850306
2023-08-21,240057.74694776649
2023-08-22,241955.3769778544
2023-08-23,247266.023312347
2023-08-24,240794.97320985558
2023-08-25,243839.35544523617
2023-08-28,245996.3861047197
2023-08-29,251361.61775205715
2023-08-30,256180.82876710946
2023-08-31,256481.1422086642
2023-09-01,258651.86630681308
2023-09-05,258979.50381175967
2023-09-06,249709.7577266384
2023-09-07,242405.8576091763
2023-09-08,243252.29637291422
2023-09-11,244863.26452415343
2023-09-12,240685.76070820665
2023-09-13,237832.45847475235
2023-09-14,239921.23132070535
2023-09-15,238924.62536720026
2023-09-18,242965.61355608594
2023-09-19,244467.36920567628
2023-09-20,239579.921315073
2023-09-21,237450.1728430221
2023-09-22,238624.24911170662
2023-09-25,240385.4053906927
2023-09-26,234760.77311395959
2023-09-27,232671.97933002698
2023-09-28,233026.96183634497
2023-09-29,233736.84309706264
2023-10-02,237204.4656522918
2023-10-03,235361.42093504875
2023-10-04,237081.62252591643
2023-10-05,238788.0888021596
2023-10-06,242310.3594841724
2023-10-09,244358.15670402747
2023-10-10,243539.00012772213
2023-10-11,245463.97515918143
2023-10-12,246706.3092413965
2023-10-13,244167.0348261419
2023-10-16,243989.5435729829
2023-10-17,241846.16447620545
2023-10-18,240057.74694776646
2023-10-19,239538.96662695473
2023-10-20,236016.75875888075
2023-10-23,236180.55657337446
2023-10-24,236781.24627042285
2023-10-25,233586.6549693159
2023-10-26,227839.1586282278
2023-10-27,229654.87928207903
2023-10-30,232480.83651416193
2023-10-31,233136.17433799396
2023-11-01,237504.80003182628
2023-11-02,242419.57198582136
2023-11-03,241163.54446494096
2023-11-06,244685.77327099457
2023-11-07,248221.69551571348
2023-11-08,249682.45460122626
2023-11-09,249027.15865335346
2023-11-10,254809.57954443202
2023-11-13,252622.35631835
2023-11-14,256231.24742201186
2023-11-15,257010.4543332202
2023-11-16,259334.36069020024
2023-11-17,259306.9947508492
2023-11-20,261712.9361119435
2023-11-21,260605.65199821678
2023-11-22,261521.56297830268
2023-11-24,259689.76195611048
2023-11-27,259443.6988197268
2023-11-28,260277.55385771877
2023-11-29,258869.57941880423
2023-11-30,259662.43789271868
2023-12-01,261425.87641148226
2023-12-04,258951.57254695936
2023-12-05,264405.93717349914
2023-12-06,262902.234291805
2023-12-07,265567.89035198913
2023-12-08,267536.37450507923
2023-12-11,264077.8390330011
2023-12-12,266169.3966302423
2023-12-13,270612.1637098757
2023-12-14,270817.1884062227
2023-12-15,270078.9989970715
2023-12-18,267782.43764146295
2023-12-19,269217.79895770806
2023-12-20,266333.4247625116
2023-12-21,266128.33725222584
2023-12-22,264652.00030988274
2023-12-26,263900.1593380255
2023-12-27,264036.8424689235
2023-12-28,264624.67624649097
2023-12-29,263189.3149302458
